{
  "id": "2075003",
  "name": "1",
  "font_family": "iconfont",
  "css_prefix_text": "icon-",
  "description": "",
  "glyphs": [
    {
      "icon_id": "11474277",
      "name": "data",
      "font_class": "data",
      "unicode": "e6f9",
      "unicode_decimal": 59129
    },
    {
      "icon_id": "11488020",
      "name": "clock",
      "font_class": "clock",
      "unicode": "e74b",
      "unicode_decimal": 59211
    },
    {
      "icon_id": "15838514",
      "name": "minus",
      "font_class": "minus",
      "unicode": "e67a",
      "unicode_decimal": 59002
    },
    {
      "icon_id": "16959817",
      "name": "更多",
      "font_class": "gengduo2",
      "unicode": "e61f",
      "unicode_decimal": 58911
    },
    {
      "icon_id": "16959823",
      "name": "记录",
      "font_class": "jilu",
      "unicode": "e621",
      "unicode_decimal": 58913
    },
    {
      "icon_id": "16960004",
      "name": "编辑",
      "font_class": "bianji",
      "unicode": "e624",
      "unicode_decimal": 58916
    },
    {
      "icon_id": "17124186",
      "name": "菜单",
      "font_class": "caidan",
      "unicode": "e620",
      "unicode_decimal": 58912
    },
    {
      "icon_id": "17124199",
      "name": "更多",
      "font_class": "gengduo1",
      "unicode": "e623",
      "unicode_decimal": 58915
    },
    {
      "icon_id": "17124208",
      "name": "筛选",
      "font_class": "shaixuan",
      "unicode": "e626",
      "unicode_decimal": 58918
    },
    {
      "icon_id": "17124216",
      "name": "扫一扫",
      "font_class": "saoyisao",
      "unicode": "e627",
      "unicode_decimal": 58919
    },
    {
      "icon_id": "17029844",
      "name": "复核 (2)",
      "font_class": "fuhe2",
      "unicode": "e682",
      "unicode_decimal": 59010
    },
    {
      "icon_id": "17029861",
      "name": "-角色管理",
      "font_class": "-jiaoseguanli",
      "unicode": "e686",
      "unicode_decimal": 59014
    },
    {
      "icon_id": "17135394",
      "name": "更多",
      "font_class": "gengduo",
      "unicode": "e601",
      "unicode_decimal": 58881
    },
    {
      "icon_id": "17135395",
      "name": "点赞2",
      "font_class": "dianzan2",
      "unicode": "e602",
      "unicode_decimal": 58882
    },
    {
      "icon_id": "17135396",
      "name": "历史",
      "font_class": "lishi",
      "unicode": "e603",
      "unicode_decimal": 58883
    },
    {
      "icon_id": "17135397",
      "name": "点赞",
      "font_class": "dianzan",
      "unicode": "e604",
      "unicode_decimal": 58884
    },
    {
      "icon_id": "17135398",
      "name": "评论",
      "font_class": "pinglun",
      "unicode": "e605",
      "unicode_decimal": 58885
    },
    {
      "icon_id": "17135399",
      "name": "分享",
      "font_class": "fenxiang",
      "unicode": "e606",
      "unicode_decimal": 58886
    },
    {
      "icon_id": "17135400",
      "name": "关闭",
      "font_class": "guanbi",
      "unicode": "e607",
      "unicode_decimal": 58887
    },
    {
      "icon_id": "17135401",
      "name": "首页",
      "font_class": "shouye",
      "unicode": "e608",
      "unicode_decimal": 58888
    },
    {
      "icon_id": "17135402",
      "name": "删除",
      "font_class": "shanchu",
      "unicode": "e609",
      "unicode_decimal": 58889
    },
    {
      "icon_id": "17135403",
      "name": "收藏",
      "font_class": "shoucang",
      "unicode": "e60a",
      "unicode_decimal": 58890
    },
    {
      "icon_id": "17135404",
      "name": "视频",
      "font_class": "shipin",
      "unicode": "e60b",
      "unicode_decimal": 58891
    },
    {
      "icon_id": "17135405",
      "name": "手机",
      "font_class": "shouji",
      "unicode": "e60c",
      "unicode_decimal": 58892
    },
    {
      "icon_id": "17135406",
      "name": "我的",
      "font_class": "wode",
      "unicode": "e60d",
      "unicode_decimal": 58893
    },
    {
      "icon_id": "17135407",
      "name": "问答",
      "font_class": "wenda",
      "unicode": "e60e",
      "unicode_decimal": 58894
    },
    {
      "icon_id": "17135408",
      "name": "验证码",
      "font_class": "yanzhengma",
      "unicode": "e60f",
      "unicode_decimal": 58895
    },
    {
      "icon_id": "17135409",
      "name": "无网络",
      "font_class": "wuwangluo",
      "unicode": "e610",
      "unicode_decimal": 58896
    },
    {
      "icon_id": "17135410",
      "name": "搜索",
      "font_class": "sousuo",
      "unicode": "e611",
      "unicode_decimal": 58897
    },
    {
      "icon_id": "17135411",
      "name": "右箭头",
      "font_class": "youjiantou",
      "unicode": "e612",
      "unicode_decimal": 58898
    },
    {
      "icon_id": "17135412",
      "name": "左箭头",
      "font_class": "zuojiantou",
      "unicode": "e613",
      "unicode_decimal": 58899
    },
    {
      "icon_id": "17135414",
      "name": "普通图标库",
      "font_class": "zuopin",
      "unicode": "e614",
      "unicode_decimal": 58900
    }
  ]
}
